{
  "edbcf79d-8615-4f7f-8c41-25adb67528be": {
    "username": "Commuwunism",
    "lastCheckTime": 1730566822201,
    "lastActiveTime": 1730566821692,
    "totalActiveTime": 1249402,
    "totalAfkTime": 2685459,
    "isAfk": false,
    "lastKnownPosition": {
      "x": 60.207274768844414,
      "y": 68.0,
      "z": -30.13929220495251
    },
    "lastKnownRotation": {
      "x": -0.1149987056851387,
      "y": -0.15535487234592438,
      "z": -0.9811272621154785
    }
  },
  "edbcf79d-8615-4f7f-8c41-25adb67528bf": {
    "username": "Test",
    "lastCheckTime": 1726248657894,
    "lastActiveTime": 1726248652744,
    "totalActiveTime": 1010691,
    "totalAfkTime": 2389166,
    "isAfk": true,
    "lastKnownPosition": {
      "x": 65.12077859644941,
      "y": 68.0,
      "z": -31.762975417701504
    },
    "lastKnownRotation": {
      "x": -0.7367348670959473,
      "y": -0.019844572991132736,
      "z": 0.6758876442909241
    }
  }
}